,Algorithm,Number of MTAs,Runtime,Result
0,Backtracking,1,0.0,1
1,Remembering No Goods,1,0.0,1
2,Backtracking,1,0.0,1
3,Remembering No Goods,1,0.0,1
4,Backtracking,1,0.0,1
5,Remembering No Goods,1,0.0,1
6,Backtracking,1,0.0,1
7,Remembering No Goods,1,0.0,1
8,Backtracking,1,0.0,1
9,Remembering No Goods,1,0.0,1
10,Backtracking,1,0.0,1
11,Remembering No Goods,1,0.0,1
12,Backtracking,1,0.0,1
13,Remembering No Goods,1,0.0,1
14,Backtracking,1,0.0,1
15,Remembering No Goods,1,0.0,1
16,Backtracking,1,0.0,1
17,Remembering No Goods,1,0.0,1
18,Backtracking,1,0.0,1
19,Remembering No Goods,1,0.0,1
20,Backtracking,1,0.0,1
21,Remembering No Goods,1,0.0,1
22,Backtracking,1,0.0,1
23,Remembering No Goods,1,0.0,1
24,Backtracking,1,0.0,1
25,Remembering No Goods,1,0.0,1
26,Backtracking,1,0.0,1
27,Remembering No Goods,1,0.0,1
28,Backtracking,1,0.0,1
29,Remembering No Goods,1,0.0,1
30,Backtracking,1,0.0,1
31,Remembering No Goods,1,0.0,1
32,Backtracking,1,0.0,1
33,Remembering No Goods,1,1.7952919006347656,1
34,Backtracking,1,0.0,1
35,Remembering No Goods,1,0.0,1
36,Backtracking,1,0.0,1
37,Remembering No Goods,1,0.0,1
38,Backtracking,1,0.0,1
39,Remembering No Goods,1,0.0,1
40,Backtracking,1,0.0,1
41,Remembering No Goods,1,0.0,1
42,Backtracking,1,0.0,1
43,Remembering No Goods,1,0.0,1
44,Backtracking,1,0.0,1
45,Remembering No Goods,1,0.0,1
46,Backtracking,1,0.0,1
47,Remembering No Goods,1,0.0,1
48,Backtracking,1,0.0,1
49,Remembering No Goods,1,0.0,1
50,Backtracking,1,0.0,1
51,Remembering No Goods,1,0.0,1
52,Backtracking,1,0.0,1
53,Remembering No Goods,1,0.0,1
54,Backtracking,1,0.0,1
55,Remembering No Goods,1,0.0,1
56,Backtracking,1,0.0,1
57,Remembering No Goods,1,0.0,1
58,Backtracking,1,0.0,1
59,Remembering No Goods,1,0.0,1
60,Backtracking,1,0.0,1
61,Remembering No Goods,1,0.0,1
62,Backtracking,1,0.0,1
63,Remembering No Goods,1,0.0,1
64,Backtracking,1,0.0,1
65,Remembering No Goods,1,0.0,1
66,Backtracking,1,0.0,1
67,Remembering No Goods,1,0.0,1
68,Backtracking,1,0.0,1
69,Remembering No Goods,1,0.0,1
70,Backtracking,1,0.0,1
71,Remembering No Goods,1,0.0,1
72,Backtracking,1,0.0,1
73,Remembering No Goods,1,0.0,1
74,Backtracking,1,0.0,1
75,Remembering No Goods,1,0.0,1
76,Backtracking,1,0.0,1
77,Remembering No Goods,1,0.0,1
78,Backtracking,1,0.0,1
79,Remembering No Goods,1,0.0,1
80,Backtracking,1,0.0,1
81,Remembering No Goods,1,0.0,1
82,Backtracking,1,0.0,1
83,Remembering No Goods,1,0.0,1
84,Backtracking,1,0.0,1
85,Remembering No Goods,1,0.0,1
86,Backtracking,1,0.0,1
87,Remembering No Goods,1,0.0,1
88,Backtracking,1,0.0,1
89,Remembering No Goods,1,0.0,1
90,Backtracking,1,0.0,1
91,Remembering No Goods,1,0.0,1
92,Backtracking,1,0.0,1
93,Remembering No Goods,1,0.0,1
94,Backtracking,1,0.0,1
95,Remembering No Goods,1,0.0,1
96,Backtracking,1,0.0,1
97,Remembering No Goods,1,0.0,1
98,Backtracking,1,0.0,1
99,Remembering No Goods,1,0.0,1
100,Backtracking,2,0.0,1
101,Remembering No Goods,2,0.0,1
102,Backtracking,2,0.0,1
103,Remembering No Goods,2,0.0,1
104,Backtracking,2,0.0,1
105,Remembering No Goods,2,0.0,1
106,Backtracking,2,0.0,1
107,Remembering No Goods,2,0.0,1
108,Backtracking,2,0.0,1
109,Remembering No Goods,2,0.0,1
110,Backtracking,2,0.0,1
111,Remembering No Goods,2,0.0,1
112,Backtracking,2,0.0,1
113,Remembering No Goods,2,0.0,1
114,Backtracking,2,0.0,1
115,Remembering No Goods,2,0.0,1
116,Backtracking,2,0.0,1
117,Remembering No Goods,2,0.0,1
118,Backtracking,2,0.0,1
119,Remembering No Goods,2,0.0,1
120,Backtracking,2,0.0,1
121,Remembering No Goods,2,0.0,1
122,Backtracking,2,0.0,1
123,Remembering No Goods,2,0.0,1
124,Backtracking,2,0.0,1
125,Remembering No Goods,2,2.0046234130859375,1
126,Backtracking,2,8.746862411499023,1
127,Remembering No Goods,2,0.0,1
128,Backtracking,2,0.0,1
129,Remembering No Goods,2,0.0,1
130,Backtracking,2,0.0,0
131,Remembering No Goods,2,0.0,0
132,Backtracking,2,0.0,1
133,Remembering No Goods,2,0.0,1
134,Backtracking,2,0.0,1
135,Remembering No Goods,2,0.0,1
136,Backtracking,2,0.0,0
137,Remembering No Goods,2,0.0,0
138,Backtracking,2,0.0,1
139,Remembering No Goods,2,0.0,1
140,Backtracking,2,0.0,1
141,Remembering No Goods,2,0.0,1
142,Backtracking,2,0.0,1
143,Remembering No Goods,2,0.0,1
144,Backtracking,2,0.0,1
145,Remembering No Goods,2,0.0,1
146,Backtracking,2,0.0,1
147,Remembering No Goods,2,0.0,1
148,Backtracking,2,0.0,1
149,Remembering No Goods,2,0.0,1
150,Backtracking,2,0.0,1
151,Remembering No Goods,2,0.0,1
152,Backtracking,2,0.0,1
153,Remembering No Goods,2,0.0,1
154,Backtracking,2,0.0,1
155,Remembering No Goods,2,0.0,1
156,Backtracking,2,0.0,1
157,Remembering No Goods,2,0.0,1
158,Backtracking,2,0.0,1
159,Remembering No Goods,2,15.872001647949219,1
160,Backtracking,2,0.0,1
161,Remembering No Goods,2,0.0,1
162,Backtracking,2,0.0,1
163,Remembering No Goods,2,0.0,1
164,Backtracking,2,0.0,0
165,Remembering No Goods,2,0.0,0
166,Backtracking,2,0.0,1
167,Remembering No Goods,2,1.7466545104980469,1
168,Backtracking,2,0.0,1
169,Remembering No Goods,2,0.0,1
170,Backtracking,2,0.0,1
171,Remembering No Goods,2,0.0,1
172,Backtracking,2,0.0,1
173,Remembering No Goods,2,0.0,1
174,Backtracking,2,0.0,1
175,Remembering No Goods,2,0.0,1
176,Backtracking,2,0.0,1
177,Remembering No Goods,2,0.0,1
178,Backtracking,2,0.0,1
179,Remembering No Goods,2,0.0,1
180,Backtracking,2,0.0,1
181,Remembering No Goods,2,0.0,1
182,Backtracking,2,0.0,1
183,Remembering No Goods,2,0.0,1
184,Backtracking,2,0.0,1
185,Remembering No Goods,2,0.0,1
186,Backtracking,2,0.0,1
187,Remembering No Goods,2,0.0,1
188,Backtracking,2,0.0,1
189,Remembering No Goods,2,0.0,1
190,Backtracking,2,0.0,1
191,Remembering No Goods,2,15.815019607543945,1
192,Backtracking,2,0.0,1
193,Remembering No Goods,2,0.0,1
194,Backtracking,2,0.0,1
195,Remembering No Goods,2,0.0,1
196,Backtracking,2,0.0,1
197,Remembering No Goods,2,0.0,1
198,Backtracking,2,0.0,1
199,Remembering No Goods,2,0.0,1
200,Backtracking,3,0.0,1
201,Remembering No Goods,3,0.0,1
202,Backtracking,3,0.0,1
203,Remembering No Goods,3,0.0,1
204,Backtracking,3,0.0,1
205,Remembering No Goods,3,0.0,1
206,Backtracking,3,0.0,1
207,Remembering No Goods,3,0.0,1
208,Backtracking,3,0.0,1
209,Remembering No Goods,3,0.0,1
210,Backtracking,3,0.0,1
211,Remembering No Goods,3,0.0,1
212,Backtracking,3,0.0,1
213,Remembering No Goods,3,0.0,1
214,Backtracking,3,0.0,1
215,Remembering No Goods,3,0.0,1
216,Backtracking,3,0.0,1
217,Remembering No Goods,3,0.0,1
218,Backtracking,3,0.0,1
219,Remembering No Goods,3,0.0,1
220,Backtracking,3,0.0,1
221,Remembering No Goods,3,0.0,1
222,Backtracking,3,0.0,1
223,Remembering No Goods,3,0.0,1
224,Backtracking,3,0.0,1
225,Remembering No Goods,3,0.0,1
226,Backtracking,3,0.0,1
227,Remembering No Goods,3,0.0,1
228,Backtracking,3,0.0,1
229,Remembering No Goods,3,0.0,1
230,Backtracking,3,0.0,1
231,Remembering No Goods,3,0.0,1
232,Backtracking,3,0.0,1
233,Remembering No Goods,3,4.553079605102539,1
234,Backtracking,3,0.0,0
235,Remembering No Goods,3,0.0,0
236,Backtracking,3,0.0,1
237,Remembering No Goods,3,0.0,1
238,Backtracking,3,0.0,1
239,Remembering No Goods,3,0.0,1
240,Backtracking,3,0.0,1
241,Remembering No Goods,3,0.0,1
242,Backtracking,3,0.0,1
243,Remembering No Goods,3,0.0,1
244,Backtracking,3,0.0,0
245,Remembering No Goods,3,0.0,0
246,Backtracking,3,0.0,1
247,Remembering No Goods,3,0.0,1
248,Backtracking,3,0.0,1
249,Remembering No Goods,3,0.0,1
250,Backtracking,3,0.0,0
251,Remembering No Goods,3,0.0,0
252,Backtracking,3,2.010345458984375,1
253,Remembering No Goods,3,0.0,1
254,Backtracking,3,0.0,1
255,Remembering No Goods,3,0.0,1
256,Backtracking,3,0.0,1
257,Remembering No Goods,3,0.0,1
258,Backtracking,3,0.0,1
259,Remembering No Goods,3,0.0,1
260,Backtracking,3,0.0,1
261,Remembering No Goods,3,0.0,1
262,Backtracking,3,0.0,1
263,Remembering No Goods,3,0.0,1
264,Backtracking,3,0.0,1
265,Remembering No Goods,3,0.0,1
266,Backtracking,3,0.0,1
267,Remembering No Goods,3,0.0,1
268,Backtracking,3,0.0,1
269,Remembering No Goods,3,0.0,1
270,Backtracking,3,0.0,1
271,Remembering No Goods,3,0.0,1
272,Backtracking,3,0.0,1
273,Remembering No Goods,3,0.0,1
274,Backtracking,3,0.0,1
275,Remembering No Goods,3,0.0,1
276,Backtracking,3,0.0,1
277,Remembering No Goods,3,0.0,1
278,Backtracking,3,0.0,0
279,Remembering No Goods,3,2.0074844360351562,0
280,Backtracking,3,0.0,1
281,Remembering No Goods,3,0.0,1
282,Backtracking,3,0.0,1
283,Remembering No Goods,3,0.0,1
284,Backtracking,3,0.0,1
285,Remembering No Goods,3,0.0,1
286,Backtracking,3,0.0,1
287,Remembering No Goods,3,0.0,1
288,Backtracking,3,0.0,1
289,Remembering No Goods,3,0.0,1
290,Backtracking,3,0.0,0
291,Remembering No Goods,3,0.0,0
292,Backtracking,3,0.0,1
293,Remembering No Goods,3,0.0,1
294,Backtracking,3,0.0,1
295,Remembering No Goods,3,0.0,1
296,Backtracking,3,0.0,1
297,Remembering No Goods,3,0.0,1
298,Backtracking,3,0.0,1
299,Remembering No Goods,3,0.0,1
300,Backtracking,4,0.0,1
301,Remembering No Goods,4,0.0,1
302,Backtracking,4,0.0,0
303,Remembering No Goods,4,0.0,0
304,Backtracking,4,0.0,1
305,Remembering No Goods,4,0.0,1
306,Backtracking,4,0.0,1
307,Remembering No Goods,4,0.0,1
308,Backtracking,4,0.0,1
309,Remembering No Goods,4,0.0,1
310,Backtracking,4,0.0,1
311,Remembering No Goods,4,0.0,1
312,Backtracking,4,0.0,1
313,Remembering No Goods,4,2.0055770874023438,1
314,Backtracking,4,0.0,1
315,Remembering No Goods,4,0.0,1
316,Backtracking,4,0.0,1
317,Remembering No Goods,4,0.0,1
318,Backtracking,4,2.0046234130859375,1
319,Remembering No Goods,4,2.0058155059814453,1
320,Backtracking,4,0.0,0
321,Remembering No Goods,4,0.0,0
322,Backtracking,4,0.0,1
323,Remembering No Goods,4,0.0,1
324,Backtracking,4,0.0,1
325,Remembering No Goods,4,0.0,1
326,Backtracking,4,1.5053749084472656,1
327,Remembering No Goods,4,0.0,1
328,Backtracking,4,0.0,0
329,Remembering No Goods,4,0.0,0
330,Backtracking,4,0.0,1
331,Remembering No Goods,4,0.0,1
332,Backtracking,4,0.0,1
333,Remembering No Goods,4,0.0,1
334,Backtracking,4,0.0,1
335,Remembering No Goods,4,0.0,1
336,Backtracking,4,0.0,1
337,Remembering No Goods,4,0.0,1
338,Backtracking,4,0.0,1
339,Remembering No Goods,4,0.0,1
340,Backtracking,4,0.0,1
341,Remembering No Goods,4,0.0,1
342,Backtracking,4,0.0,1
343,Remembering No Goods,4,0.0,1
344,Backtracking,4,0.0,1
345,Remembering No Goods,4,0.0,1
346,Backtracking,4,0.0,1
347,Remembering No Goods,4,0.0,1
348,Backtracking,4,0.0,1
349,Remembering No Goods,4,0.0,1
350,Backtracking,4,0.0,1
351,Remembering No Goods,4,0.0,1
352,Backtracking,4,15.893936157226562,0
353,Remembering No Goods,4,0.0,0
354,Backtracking,4,0.0,1
355,Remembering No Goods,4,0.0,1
356,Backtracking,4,0.0,1
357,Remembering No Goods,4,0.0,1
358,Backtracking,4,0.0,1
359,Remembering No Goods,4,0.0,1
360,Backtracking,4,0.0,1
361,Remembering No Goods,4,0.0,1
362,Backtracking,4,0.0,1
363,Remembering No Goods,4,0.0,1
364,Backtracking,4,0.0,0
365,Remembering No Goods,4,0.0,0
366,Backtracking,4,0.0,1
367,Remembering No Goods,4,0.0,1
368,Backtracking,4,0.0,1
369,Remembering No Goods,4,0.0,1
370,Backtracking,4,0.0,1
371,Remembering No Goods,4,0.0,1
372,Backtracking,4,0.0,1
373,Remembering No Goods,4,0.0,1
374,Backtracking,4,0.0,1
375,Remembering No Goods,4,0.0,1
376,Backtracking,4,0.0,1
377,Remembering No Goods,4,0.0,1
378,Backtracking,4,0.0,1
379,Remembering No Goods,4,0.0,1
380,Backtracking,4,0.0,0
381,Remembering No Goods,4,0.0,0
382,Backtracking,4,0.0,1
383,Remembering No Goods,4,0.0,1
384,Backtracking,4,0.0,1
385,Remembering No Goods,4,0.0,1
386,Backtracking,4,0.0,1
387,Remembering No Goods,4,0.0,1
388,Backtracking,4,0.0,1
389,Remembering No Goods,4,0.0,1
390,Backtracking,4,0.0,1
391,Remembering No Goods,4,0.0,1
392,Backtracking,4,0.0,1
393,Remembering No Goods,4,0.0,1
394,Backtracking,4,0.0,1
395,Remembering No Goods,4,0.0,1
396,Backtracking,4,0.0,0
397,Remembering No Goods,4,0.0,0
398,Backtracking,4,0.0,1
399,Remembering No Goods,4,0.0,1
400,Backtracking,5,0.0,1
401,Remembering No Goods,5,0.0,1
402,Backtracking,5,0.0,1
403,Remembering No Goods,5,0.0,1
404,Backtracking,5,0.0,1
405,Remembering No Goods,5,0.0,1
406,Backtracking,5,0.0,1
407,Remembering No Goods,5,0.0,1
408,Backtracking,5,0.0,1
409,Remembering No Goods,5,0.0,1
410,Backtracking,5,0.0,1
411,Remembering No Goods,5,0.0,1
412,Backtracking,5,0.0,0
413,Remembering No Goods,5,0.0,0
414,Backtracking,5,0.0,1
415,Remembering No Goods,5,15.874624252319336,1
416,Backtracking,5,0.0,0
417,Remembering No Goods,5,0.0,0
418,Backtracking,5,0.0,0
419,Remembering No Goods,5,15.788793563842773,0
420,Backtracking,5,0.0,0
421,Remembering No Goods,5,0.0,0
422,Backtracking,5,0.0,1
423,Remembering No Goods,5,0.0,1
424,Backtracking,5,2.005338668823242,1
425,Remembering No Goods,5,0.0,1
426,Backtracking,5,0.0,1
427,Remembering No Goods,5,0.0,1
428,Backtracking,5,1.5048980712890625,1
429,Remembering No Goods,5,0.0,1
430,Backtracking,5,0.0,1
431,Remembering No Goods,5,0.0,1
432,Backtracking,5,0.0,0
433,Remembering No Goods,5,0.0,0
434,Backtracking,5,0.0,1
435,Remembering No Goods,5,0.0,1
436,Backtracking,5,0.0,0
437,Remembering No Goods,5,0.0,0
438,Backtracking,5,1.0046958923339844,0
439,Remembering No Goods,5,0.0,0
440,Backtracking,5,0.0,0
441,Remembering No Goods,5,0.0,0
442,Backtracking,5,0.0,1
443,Remembering No Goods,5,0.0,1
444,Backtracking,5,9.730815887451172,1
445,Remembering No Goods,5,15.898466110229492,1
446,Backtracking,5,2.0055770874023438,1
447,Remembering No Goods,5,2.006053924560547,1
448,Backtracking,5,0.0,1
449,Remembering No Goods,5,2.005338668823242,1
450,Backtracking,5,0.0,1
451,Remembering No Goods,5,0.0,1
452,Backtracking,5,0.0,1
453,Remembering No Goods,5,0.0,1
454,Backtracking,5,0.0,1
455,Remembering No Goods,5,0.0,1
456,Backtracking,5,0.0,1
457,Remembering No Goods,5,0.0,1
458,Backtracking,5,0.0,1
459,Remembering No Goods,5,0.0,1
460,Backtracking,5,0.0,1
461,Remembering No Goods,5,2.0051002502441406,1
462,Backtracking,5,0.0,1
463,Remembering No Goods,5,2.0058155059814453,1
464,Backtracking,5,0.0,1
465,Remembering No Goods,5,0.0,1
466,Backtracking,5,0.0,1
467,Remembering No Goods,5,0.0,1
468,Backtracking,5,0.0,1
469,Remembering No Goods,5,0.0,1
470,Backtracking,5,0.0,1
471,Remembering No Goods,5,0.0,1
472,Backtracking,5,0.0,1
473,Remembering No Goods,5,0.0,1
474,Backtracking,5,0.0,1
475,Remembering No Goods,5,0.0,1
476,Backtracking,5,0.0,0
477,Remembering No Goods,5,2.005338668823242,0
478,Backtracking,5,0.0,0
479,Remembering No Goods,5,0.0,0
480,Backtracking,5,0.0,1
481,Remembering No Goods,5,0.0,1
482,Backtracking,5,0.0,0
483,Remembering No Goods,5,0.0,0
484,Backtracking,5,0.0,1
485,Remembering No Goods,5,2.0041465759277344,1
486,Backtracking,5,0.0,1
487,Remembering No Goods,5,0.0,1
488,Backtracking,5,0.0,0
489,Remembering No Goods,5,0.0,0
490,Backtracking,5,0.0,0
491,Remembering No Goods,5,0.0,0
492,Backtracking,5,0.0,1
493,Remembering No Goods,5,0.0,1
494,Backtracking,5,2.0046234130859375,1
495,Remembering No Goods,5,0.0,1
496,Backtracking,5,1.7466545104980469,0
497,Remembering No Goods,5,0.0,0
498,Backtracking,5,0.0,1
499,Remembering No Goods,5,0.0,1
500,Backtracking,6,2.0051002502441406,1
501,Remembering No Goods,6,0.0,1
502,Backtracking,6,0.0,1
503,Remembering No Goods,6,0.0,1
504,Backtracking,6,0.0,1
505,Remembering No Goods,6,15.843868255615234,1
506,Backtracking,6,0.0,1
507,Remembering No Goods,6,0.0,1
508,Backtracking,6,2.005338668823242,1
509,Remembering No Goods,6,2.2013187408447266,1
510,Backtracking,6,0.0,1
511,Remembering No Goods,6,0.0,1
512,Backtracking,6,0.0,1
513,Remembering No Goods,6,8.93712043762207,1
514,Backtracking,6,0.0,0
515,Remembering No Goods,6,2.0148754119873047,0
516,Backtracking,6,0.0,0
517,Remembering No Goods,6,0.0,0
518,Backtracking,6,0.0,1
519,Remembering No Goods,6,2.006053924560547,1
520,Backtracking,6,0.0,1
521,Remembering No Goods,6,7.527589797973633,1
522,Backtracking,6,1.6303062438964844,1
523,Remembering No Goods,6,2.0151138305664062,1
524,Backtracking,6,9.033918380737305,0
525,Remembering No Goods,6,0.0,0
526,Backtracking,6,0.5545616149902344,1
527,Remembering No Goods,6,0.0,1
528,Backtracking,6,2.0101070404052734,1
529,Remembering No Goods,6,0.0,1
530,Backtracking,6,0.0,0
531,Remembering No Goods,6,0.0,0
532,Backtracking,6,0.0,1
533,Remembering No Goods,6,2.5177001953125,1
534,Backtracking,6,2.0058155059814453,1
535,Remembering No Goods,6,2.0058155059814453,1
536,Backtracking,6,0.0,1
537,Remembering No Goods,6,0.0,1
538,Backtracking,6,2.008676528930664,0
539,Remembering No Goods,6,4.012584686279297,0
540,Backtracking,6,0.0,1
541,Remembering No Goods,6,0.0,1
542,Backtracking,6,0.0,1
543,Remembering No Goods,6,1.1017322540283203,1
544,Backtracking,6,0.0,0
545,Remembering No Goods,6,2.00653076171875,0
546,Backtracking,6,2.0151138305664062,0
547,Remembering No Goods,6,0.0,0
548,Backtracking,6,4.011869430541992,1
549,Remembering No Goods,6,4.014015197753906,1
550,Backtracking,6,0.0,1
551,Remembering No Goods,6,0.0,1
552,Backtracking,6,0.0,0
553,Remembering No Goods,6,0.0,0
554,Backtracking,6,1.2722015380859375,1
555,Remembering No Goods,6,0.0,1
556,Backtracking,6,0.0,1
557,Remembering No Goods,6,13.894081115722656,1
558,Backtracking,6,0.0,0
559,Remembering No Goods,6,0.0,0
560,Backtracking,6,0.0,0
561,Remembering No Goods,6,0.0,0
562,Backtracking,6,2.0067691802978516,1
563,Remembering No Goods,6,2.007007598876953,1
564,Backtracking,6,0.0,1
565,Remembering No Goods,6,13.263940811157227,1
566,Backtracking,6,0.0,1
567,Remembering No Goods,6,0.0,1
568,Backtracking,6,0.0,0
569,Remembering No Goods,6,0.0,0
570,Backtracking,6,0.0,0
571,Remembering No Goods,6,0.0,0
572,Backtracking,6,0.0,0
573,Remembering No Goods,6,0.0,0
574,Backtracking,6,0.0,0
575,Remembering No Goods,6,6.774187088012695,0
576,Backtracking,6,0.0,1
577,Remembering No Goods,6,2.013683319091797,1
578,Backtracking,6,0.0,1
579,Remembering No Goods,6,1.413583755493164,1
580,Backtracking,6,1.7452239990234375,1
581,Remembering No Goods,6,0.0,1
582,Backtracking,6,0.0,1
583,Remembering No Goods,6,1.6989707946777344,1
584,Backtracking,6,0.0,1
585,Remembering No Goods,6,2.012968063354492,1
586,Backtracking,6,2.0186901092529297,1
587,Remembering No Goods,6,0.0,1
588,Backtracking,6,0.0,0
589,Remembering No Goods,6,2.0055770874023438,0
590,Backtracking,6,16.12710952758789,0
591,Remembering No Goods,6,2.0170211791992188,0
592,Backtracking,6,0.0,0
593,Remembering No Goods,6,0.0,0
594,Backtracking,6,0.0,1
595,Remembering No Goods,6,5.42759895324707,1
596,Backtracking,6,0.0,1
597,Remembering No Goods,6,4.014253616333008,1
598,Backtracking,6,0.0,1
599,Remembering No Goods,6,0.0,1
600,Backtracking,7,0.0,1
601,Remembering No Goods,7,7.81702995300293,1
602,Backtracking,7,0.0,0
603,Remembering No Goods,7,0.0,0
604,Backtracking,7,0.0,1
605,Remembering No Goods,7,13.853311538696289,1
606,Backtracking,7,15.809059143066406,1
607,Remembering No Goods,7,15.84625244140625,1
608,Backtracking,7,0.0,1
609,Remembering No Goods,7,0.0,1
610,Backtracking,7,0.0,0
611,Remembering No Goods,7,0.0,0
612,Backtracking,7,2.003192901611328,0
613,Remembering No Goods,7,4.010915756225586,0
614,Backtracking,7,0.0,1
615,Remembering No Goods,7,0.0,1
616,Backtracking,7,0.0,0
617,Remembering No Goods,7,0.0,0
618,Backtracking,7,0.0,1
619,Remembering No Goods,7,0.0,1
620,Backtracking,7,0.0,1
621,Remembering No Goods,7,15.822172164916992,1
622,Backtracking,7,0.0,0
623,Remembering No Goods,7,0.0,0
624,Backtracking,7,6.505727767944336,1
625,Remembering No Goods,7,15.699386596679688,1
626,Backtracking,7,0.0,1
627,Remembering No Goods,7,4.021406173706055,1
628,Backtracking,7,5.174875259399414,1
629,Remembering No Goods,7,0.0,1
630,Backtracking,7,0.0,1
631,Remembering No Goods,7,0.0,1
632,Backtracking,7,2.0058155059814453,0
633,Remembering No Goods,7,0.0,0
634,Backtracking,7,0.0,1
635,Remembering No Goods,7,0.0,1
636,Backtracking,7,0.0,0
637,Remembering No Goods,7,2.0067691802978516,0
638,Backtracking,7,2.0067691802978516,0
639,Remembering No Goods,7,2.00653076171875,0
640,Backtracking,7,0.0,1
641,Remembering No Goods,7,0.0,1
642,Backtracking,7,2.0062923431396484,0
643,Remembering No Goods,7,0.0,0
644,Backtracking,7,0.0,0
645,Remembering No Goods,7,14.037847518920898,0
646,Backtracking,7,0.0,1
647,Remembering No Goods,7,0.0,1
648,Backtracking,7,45.9749698638916,0
649,Remembering No Goods,7,0.0,0
650,Backtracking,7,12.786149978637695,1
651,Remembering No Goods,7,0.0,1
652,Backtracking,7,0.0,1
653,Remembering No Goods,7,15.85841178894043,1
654,Backtracking,7,0.0,0
655,Remembering No Goods,7,0.0,0
656,Backtracking,7,0.0,0
657,Remembering No Goods,7,0.0,0
658,Backtracking,7,0.0,1
659,Remembering No Goods,7,2.0143985748291016,1
660,Backtracking,7,0.0,0
661,Remembering No Goods,7,2.006053924560547,0
662,Backtracking,7,0.0,0
663,Remembering No Goods,7,0.0,0
664,Backtracking,7,0.0,0
665,Remembering No Goods,7,3.6468505859375,0
666,Backtracking,7,0.0,0
667,Remembering No Goods,7,2.0122528076171875,0
668,Backtracking,7,0.0,1
669,Remembering No Goods,7,0.0,1
670,Backtracking,7,2.0062923431396484,1
671,Remembering No Goods,7,6.0749053955078125,1
672,Backtracking,7,16.25657081604004,1
673,Remembering No Goods,7,0.0,1
674,Backtracking,7,2.0055770874023438,1
675,Remembering No Goods,7,0.0,1
676,Backtracking,7,0.0,0
677,Remembering No Goods,7,0.0,0
678,Backtracking,7,0.0,1
679,Remembering No Goods,7,1.537322998046875,1
680,Backtracking,7,11.351823806762695,0
681,Remembering No Goods,7,0.0,0
682,Backtracking,7,0.0,0
683,Remembering No Goods,7,15.815258026123047,0
684,Backtracking,7,0.0,1
685,Remembering No Goods,7,15.901327133178711,1
686,Backtracking,7,2.005338668823242,1
687,Remembering No Goods,7,1.7480850219726562,1
688,Backtracking,7,0.0,0
689,Remembering No Goods,7,0.0,0
690,Backtracking,7,0.0,1
691,Remembering No Goods,7,0.0,1
692,Backtracking,7,2.017498016357422,1
693,Remembering No Goods,7,3.012418746948242,1
694,Backtracking,7,0.0,1
695,Remembering No Goods,7,0.0,1
696,Backtracking,7,0.0,1
697,Remembering No Goods,7,0.0,1
698,Backtracking,7,0.0,1
699,Remembering No Goods,7,16.216278076171875,1
700,Backtracking,8,2.003908157348633,1
701,Remembering No Goods,8,0.0,1
702,Backtracking,8,2.00653076171875,0
703,Remembering No Goods,8,4.009485244750977,0
704,Backtracking,8,3.7550926208496094,1
705,Remembering No Goods,8,0.0,1
706,Backtracking,8,0.0,1
707,Remembering No Goods,8,0.0,1
708,Backtracking,8,0.0,1
709,Remembering No Goods,8,0.0,1
710,Backtracking,8,0.0,0
711,Remembering No Goods,8,0.0,0
712,Backtracking,8,0.0,0
713,Remembering No Goods,8,0.0,0
714,Backtracking,8,0.0,1
715,Remembering No Goods,8,0.0,1
716,Backtracking,8,0.0,0
717,Remembering No Goods,8,0.0,0
718,Backtracking,8,0.0,1
719,Remembering No Goods,8,0.0,1
720,Backtracking,8,0.0,1
721,Remembering No Goods,8,6.019115447998047,1
722,Backtracking,8,2.0093917846679688,1
723,Remembering No Goods,8,0.0,1
724,Backtracking,8,10.111808776855469,1
725,Remembering No Goods,8,0.0,1
726,Backtracking,8,11.789560317993164,1
727,Remembering No Goods,8,0.0,1
728,Backtracking,8,0.0,1
729,Remembering No Goods,8,0.0,1
730,Backtracking,8,0.0,0
731,Remembering No Goods,8,17.807483673095703,0
732,Backtracking,8,0.0,0
733,Remembering No Goods,8,0.0,0
734,Backtracking,8,3.7674903869628906,1
735,Remembering No Goods,8,12.884378433227539,1
736,Backtracking,8,0.0,1
737,Remembering No Goods,8,15.996456146240234,1
738,Backtracking,8,31.86964988708496,1
739,Remembering No Goods,8,0.0,1
740,Backtracking,8,0.0,1
741,Remembering No Goods,8,15.777111053466797,1
742,Backtracking,8,0.0,1
743,Remembering No Goods,8,0.0,1
744,Backtracking,8,0.0,1
745,Remembering No Goods,8,0.0,1
746,Backtracking,8,0.0,1
747,Remembering No Goods,8,0.0,1
748,Backtracking,8,2.007007598876953,0
749,Remembering No Goods,8,0.0,0
750,Backtracking,8,0.0,1
751,Remembering No Goods,8,0.0,1
752,Backtracking,8,4.289865493774414,1
753,Remembering No Goods,8,0.0,1
754,Backtracking,8,0.0,0
755,Remembering No Goods,8,0.0,0
756,Backtracking,8,2.0051002502441406,0
757,Remembering No Goods,8,0.0,0
758,Backtracking,8,2.007722854614258,0
759,Remembering No Goods,8,2.0074844360351562,0
760,Backtracking,8,0.0,0
761,Remembering No Goods,8,0.0,0
762,Backtracking,8,0.0,1
763,Remembering No Goods,8,4.922151565551758,1
764,Backtracking,8,0.0,0
765,Remembering No Goods,8,0.0,0
766,Backtracking,8,0.0,1
767,Remembering No Goods,8,4.008054733276367,1
768,Backtracking,8,2.0041465759277344,1
769,Remembering No Goods,8,0.0,1
770,Backtracking,8,15.980243682861328,1
771,Remembering No Goods,8,0.0,1
772,Backtracking,8,0.0,1
773,Remembering No Goods,8,15.967845916748047,1
774,Backtracking,8,15.885114669799805,1
775,Remembering No Goods,8,0.0,1
776,Backtracking,8,4.029750823974609,1
777,Remembering No Goods,8,0.0,1
778,Backtracking,8,2.3190975189208984,0
779,Remembering No Goods,8,15.241622924804688,0
780,Backtracking,8,0.0,0
781,Remembering No Goods,8,2.012491226196289,0
782,Backtracking,8,2.0041465759277344,1
783,Remembering No Goods,8,0.0,1
784,Backtracking,8,15.759944915771484,1
785,Remembering No Goods,8,0.0,1
786,Backtracking,8,0.0,1
787,Remembering No Goods,8,0.0,1
788,Backtracking,8,0.0,0
789,Remembering No Goods,8,9.858369827270508,0
790,Backtracking,8,0.0,0
791,Remembering No Goods,8,0.0,0
792,Backtracking,8,0.0,0
793,Remembering No Goods,8,0.0,0
794,Backtracking,8,0.0,1
795,Remembering No Goods,8,0.0,1
796,Backtracking,8,0.0,1
797,Remembering No Goods,8,0.0,1
798,Backtracking,8,0.0,1
799,Remembering No Goods,8,0.0,1
800,Backtracking,9,15.822172164916992,0
801,Remembering No Goods,9,3.155946731567383,0
802,Backtracking,9,0.0,0
803,Remembering No Goods,9,0.0,0
804,Backtracking,9,0.0,1
805,Remembering No Goods,9,15.944719314575195,1
806,Backtracking,9,0.0,0
807,Remembering No Goods,9,0.0,0
808,Backtracking,9,0.0,0
809,Remembering No Goods,9,0.0,0
810,Backtracking,9,0.0,0
811,Remembering No Goods,9,0.0,0
812,Backtracking,9,0.0,1
813,Remembering No Goods,9,11.77215576171875,1
814,Backtracking,9,0.0,1
815,Remembering No Goods,9,0.0,1
816,Backtracking,9,0.0,0
817,Remembering No Goods,9,31.979084014892578,0
818,Backtracking,9,0.0,0
819,Remembering No Goods,9,0.0,0
820,Backtracking,9,0.0,0
821,Remembering No Goods,9,0.0,0
822,Backtracking,9,0.0,0
823,Remembering No Goods,9,0.0,0
824,Backtracking,9,2.004384994506836,1
825,Remembering No Goods,9,0.0,1
826,Backtracking,9,0.5731582641601562,0
827,Remembering No Goods,9,0.0,0
828,Backtracking,9,6.00886344909668,0
829,Remembering No Goods,9,16.012191772460938,0
830,Backtracking,9,3.011941909790039,0
831,Remembering No Goods,9,7.078886032104492,0
832,Backtracking,9,0.0,0
833,Remembering No Goods,9,0.0,0
834,Backtracking,9,0.6797313690185547,0
835,Remembering No Goods,9,0.0,0
836,Backtracking,9,0.0,0
837,Remembering No Goods,9,16.14856719970703,0
838,Backtracking,9,15.967130661010742,0
839,Remembering No Goods,9,11.383771896362305,0
840,Backtracking,9,0.0,1
841,Remembering No Goods,9,16.01576805114746,1
842,Backtracking,9,16.060829162597656,1
843,Remembering No Goods,9,0.0,1
844,Backtracking,9,0.0,0
845,Remembering No Goods,9,0.0,0
846,Backtracking,9,0.0,0
847,Remembering No Goods,9,0.0,0
848,Backtracking,9,2.0084381103515625,0
849,Remembering No Goods,9,0.0,0
850,Backtracking,9,2.0055770874023438,1
851,Remembering No Goods,9,8.66246223449707,1
852,Backtracking,9,16.14093780517578,0
853,Remembering No Goods,9,0.0,0
854,Backtracking,9,0.0,1
855,Remembering No Goods,9,0.0,1
856,Backtracking,9,3.5102367401123047,0
857,Remembering No Goods,9,5.077362060546875,0
858,Backtracking,9,4.0340423583984375,0
859,Remembering No Goods,9,2.019166946411133,0
860,Backtracking,9,0.0,0
861,Remembering No Goods,9,0.0,0
862,Backtracking,9,0.0,0
863,Remembering No Goods,9,16.00193977355957,0
864,Backtracking,9,0.0,1
865,Remembering No Goods,9,6.230592727661133,1
866,Backtracking,9,0.0,0
867,Remembering No Goods,9,0.0,0
868,Backtracking,9,0.0,1
869,Remembering No Goods,9,15.950679779052734,1
870,Backtracking,9,0.0,1
871,Remembering No Goods,9,4.898786544799805,1
872,Backtracking,9,0.0,1
873,Remembering No Goods,9,7.137537002563477,1
874,Backtracking,9,0.0,0
875,Remembering No Goods,9,16.13903045654297,0
876,Backtracking,9,0.0,0
877,Remembering No Goods,9,8.85152816772461,0
878,Backtracking,9,0.0,1
879,Remembering No Goods,9,10.588407516479492,1
880,Backtracking,9,0.0,0
881,Remembering No Goods,9,16.028881072998047,0
882,Backtracking,9,0.0,0
883,Remembering No Goods,9,1.1065006256103516,0
884,Backtracking,9,15.92111587524414,0
885,Remembering No Goods,9,15.479087829589844,0
886,Backtracking,9,0.0,1
887,Remembering No Goods,9,7.209300994873047,1
888,Backtracking,9,0.0,0
889,Remembering No Goods,9,0.0,0
890,Backtracking,9,0.0,1
891,Remembering No Goods,9,4.014253616333008,1
892,Backtracking,9,0.0,1
893,Remembering No Goods,9,0.0,1
894,Backtracking,9,0.0,0
895,Remembering No Goods,9,15.781879425048828,0
896,Backtracking,9,0.0,0
897,Remembering No Goods,9,0.0,0
898,Backtracking,9,2.1009445190429688,1
899,Remembering No Goods,9,15.807867050170898,1
900,Backtracking,10,0.0,0
901,Remembering No Goods,10,0.0,0
902,Backtracking,10,0.0,0
903,Remembering No Goods,10,0.0,0
904,Backtracking,10,0.0,1
905,Remembering No Goods,10,9.660005569458008,1
906,Backtracking,10,0.0,1
907,Remembering No Goods,10,0.0,1
908,Backtracking,10,0.0,0
909,Remembering No Goods,10,0.0,0
910,Backtracking,10,7.734537124633789,0
911,Remembering No Goods,10,16.102313995361328,0
912,Backtracking,10,4.9266815185546875,0
913,Remembering No Goods,10,0.0,0
914,Backtracking,10,4.038333892822266,1
915,Remembering No Goods,10,8.830785751342773,1
916,Backtracking,10,0.0,0
917,Remembering No Goods,10,5.064249038696289,0
918,Backtracking,10,0.0,0
919,Remembering No Goods,10,0.0,0
920,Backtracking,10,0.0,1
921,Remembering No Goods,10,4.023551940917969,1
922,Backtracking,10,0.0,0
923,Remembering No Goods,10,5.196332931518555,0
924,Backtracking,10,0.0,0
925,Remembering No Goods,10,0.0,0
926,Backtracking,10,0.0,0
927,Remembering No Goods,10,0.0,0
928,Backtracking,10,21.00849151611328,1
929,Remembering No Goods,10,0.0,1
930,Backtracking,10,0.0,1
931,Remembering No Goods,10,0.0,1
932,Backtracking,10,0.0,0
933,Remembering No Goods,10,0.0,0
934,Backtracking,10,16.149282455444336,0
935,Remembering No Goods,10,15.964031219482422,0
936,Backtracking,10,0.0,0
937,Remembering No Goods,10,0.0,0
938,Backtracking,10,0.0,1
939,Remembering No Goods,10,0.0,1
940,Backtracking,10,15.84315299987793,0
941,Remembering No Goods,10,15.873432159423828,0
942,Backtracking,10,4.038333892822266,1
943,Remembering No Goods,10,0.0,1
944,Backtracking,10,2.0084381103515625,0
945,Remembering No Goods,10,1.3773441314697266,0
946,Backtracking,10,4.145145416259766,0
947,Remembering No Goods,10,0.0,0
948,Backtracking,10,0.0,0
949,Remembering No Goods,10,18.72110366821289,0
950,Backtracking,10,15.825271606445312,0
951,Remembering No Goods,10,7.66754150390625,0
952,Backtracking,10,0.0,0
953,Remembering No Goods,10,0.0,0
954,Backtracking,10,0.0,1
955,Remembering No Goods,10,9.472370147705078,1
956,Backtracking,10,10.737180709838867,1
957,Remembering No Goods,10,0.0,1
958,Backtracking,10,0.0,0
959,Remembering No Goods,10,0.0,0
960,Backtracking,10,2.096414566040039,1
961,Remembering No Goods,10,16.173124313354492,1
962,Backtracking,10,0.0,0
963,Remembering No Goods,10,0.0,0
964,Backtracking,10,0.0,1
965,Remembering No Goods,10,0.0,1
966,Backtracking,10,0.0,0
967,Remembering No Goods,10,0.0,0
968,Backtracking,10,0.0,0
969,Remembering No Goods,10,0.0,0
970,Backtracking,10,0.0,0
971,Remembering No Goods,10,15.699386596679688,0
972,Backtracking,10,15.87677001953125,0
973,Remembering No Goods,10,0.0,0
974,Backtracking,10,0.0,1
975,Remembering No Goods,10,0.0,1
976,Backtracking,10,4.013776779174805,0
977,Remembering No Goods,10,0.0,0
978,Backtracking,10,0.0,0
979,Remembering No Goods,10,0.0,0
980,Backtracking,10,15.943527221679688,1
981,Remembering No Goods,10,15.329599380493164,1
982,Backtracking,10,0.0,0
983,Remembering No Goods,10,6.732940673828125,0
984,Backtracking,10,0.0,0
985,Remembering No Goods,10,6.021261215209961,0
986,Backtracking,10,4.014730453491211,0
987,Remembering No Goods,10,0.0,0
988,Backtracking,10,0.0,0
989,Remembering No Goods,10,0.0,0
990,Backtracking,10,0.0,1
991,Remembering No Goods,10,0.0,1
992,Backtracking,10,0.0,1
993,Remembering No Goods,10,5.537986755371094,1
994,Backtracking,10,0.0,0
995,Remembering No Goods,10,0.0,0
996,Backtracking,10,0.0,0
997,Remembering No Goods,10,0.0,0
998,Backtracking,10,0.0,0
999,Remembering No Goods,10,0.0,0
1000,Backtracking,11,4.015445709228516,0
1001,Remembering No Goods,11,3.756284713745117,0
1002,Backtracking,11,0.0,0
1003,Remembering No Goods,11,0.0,0
1004,Backtracking,11,0.0,0
1005,Remembering No Goods,11,9.078502655029297,0
1006,Backtracking,11,6.491422653198242,0
1007,Remembering No Goods,11,6.136417388916016,0
1008,Backtracking,11,0.0,0
1009,Remembering No Goods,11,0.0,0
1010,Backtracking,11,14.38593864440918,1
1011,Remembering No Goods,11,22.14527130126953,1
1012,Backtracking,11,0.0,0
1013,Remembering No Goods,11,0.0,0
1014,Backtracking,11,0.0,1
1015,Remembering No Goods,11,15.529155731201172,1
1016,Backtracking,11,4.010200500488281,0
1017,Remembering No Goods,11,9.099006652832031,0
1018,Backtracking,11,0.0,0
1019,Remembering No Goods,11,0.0,0
1020,Backtracking,11,0.0,1
1021,Remembering No Goods,11,0.0,1
1022,Backtracking,11,4.00996208190918,0
1023,Remembering No Goods,11,3.751039505004883,0
1024,Backtracking,11,0.0,0
1025,Remembering No Goods,11,16.037702560424805,0
1026,Backtracking,11,15.90108871459961,1
1027,Remembering No Goods,11,5.714654922485352,1
1028,Backtracking,11,0.0,1
1029,Remembering No Goods,11,4.628658294677734,1
1030,Backtracking,11,13.788700103759766,0
1031,Remembering No Goods,11,5.754947662353516,0
1032,Backtracking,11,0.0,0
1033,Remembering No Goods,11,16.214609146118164,0
1034,Backtracking,11,0.0,0
1035,Remembering No Goods,11,0.0,0
1036,Backtracking,11,5.011796951293945,1
1037,Remembering No Goods,11,0.0,1
1038,Backtracking,11,15.784502029418945,0
1039,Remembering No Goods,11,0.0,0
1040,Backtracking,11,0.0,1
1041,Remembering No Goods,11,0.0,1
1042,Backtracking,11,11.578083038330078,1
1043,Remembering No Goods,11,0.0,1
1044,Backtracking,11,0.0,0
1045,Remembering No Goods,11,0.0,0
1046,Backtracking,11,8.617401123046875,0
1047,Remembering No Goods,11,0.0,0
1048,Backtracking,11,0.0,0
1049,Remembering No Goods,11,0.0,0
1050,Backtracking,11,10.179519653320312,0
1051,Remembering No Goods,11,15.818357467651367,0
1052,Backtracking,11,0.0,0
1053,Remembering No Goods,11,0.0,0
1054,Backtracking,11,4.008769989013672,0
1055,Remembering No Goods,11,4.0073394775390625,0
1056,Backtracking,11,0.0,0
1057,Remembering No Goods,11,16.07370376586914,0
1058,Backtracking,11,2.0058155059814453,0
1059,Remembering No Goods,11,2.0062923431396484,0
1060,Backtracking,11,0.0,0
1061,Remembering No Goods,11,0.0,0
1062,Backtracking,11,18.048763275146484,1
1063,Remembering No Goods,11,0.0,1
1064,Backtracking,11,4.0111541748046875,0
1065,Remembering No Goods,11,5.511045455932617,0
1066,Backtracking,11,0.0,0
1067,Remembering No Goods,11,0.0,0
1068,Backtracking,11,4.006147384643555,0
1069,Remembering No Goods,11,4.007101058959961,0
1070,Backtracking,11,0.0,0
1071,Remembering No Goods,11,15.983343124389648,0
1072,Backtracking,11,0.0,0
1073,Remembering No Goods,11,0.0,0
1074,Backtracking,11,0.0,0
1075,Remembering No Goods,11,0.0,0
1076,Backtracking,11,9.025096893310547,0
1077,Remembering No Goods,11,15.860557556152344,0
1078,Backtracking,11,0.0,0
1079,Remembering No Goods,11,0.0,0
1080,Backtracking,11,0.0,0
1081,Remembering No Goods,11,0.0,0
1082,Backtracking,11,10.6658935546875,1
1083,Remembering No Goods,11,0.0,1
1084,Backtracking,11,0.0,0
1085,Remembering No Goods,11,0.0,0
1086,Backtracking,11,0.0,0
1087,Remembering No Goods,11,0.0,0
1088,Backtracking,11,0.0,0
1089,Remembering No Goods,11,7.624149322509766,0
1090,Backtracking,11,15.892267227172852,1
1091,Remembering No Goods,11,15.881538391113281,1
1092,Backtracking,11,0.0,0
1093,Remembering No Goods,11,15.737533569335938,0
1094,Backtracking,11,0.0,0
1095,Remembering No Goods,11,16.21699333190918,0
1096,Backtracking,11,0.0,0
1097,Remembering No Goods,11,0.0,0
1098,Backtracking,11,0.0,0
1099,Remembering No Goods,11,0.0,0
1100,Backtracking,12,16.18671417236328,1
1101,Remembering No Goods,12,4.719734191894531,1
1102,Backtracking,12,8.022308349609375,0
1103,Remembering No Goods,12,3.5996437072753906,0
1104,Backtracking,12,15.741586685180664,0
1105,Remembering No Goods,12,18.545150756835938,0
1106,Backtracking,12,15.899419784545898,0
1107,Remembering No Goods,12,0.0,0
1108,Backtracking,12,15.922307968139648,0
1109,Remembering No Goods,12,15.720367431640625,0
1110,Backtracking,12,9.544849395751953,0
1111,Remembering No Goods,12,15.87820053100586,0
1112,Backtracking,12,0.0,0
1113,Remembering No Goods,12,4.0130615234375,0
1114,Backtracking,12,0.0,0
1115,Remembering No Goods,12,9.77778434753418,0
1116,Backtracking,12,0.0,0
1117,Remembering No Goods,12,15.778303146362305,0
1118,Backtracking,12,0.0,0
1119,Remembering No Goods,12,0.0,0
1120,Backtracking,12,21.423816680908203,1
1121,Remembering No Goods,12,15.82956314086914,1
1122,Backtracking,12,0.0,0
1123,Remembering No Goods,12,4.004955291748047,0
1124,Backtracking,12,7.364749908447266,0
1125,Remembering No Goods,12,0.0,0
1126,Backtracking,12,15.749692916870117,1
1127,Remembering No Goods,12,15.967369079589844,1
1128,Backtracking,12,0.0,1
1129,Remembering No Goods,12,15.815258026123047,1
1130,Backtracking,12,15.990972518920898,0
1131,Remembering No Goods,12,16.054868698120117,0
1132,Backtracking,12,0.0,0
1133,Remembering No Goods,12,0.0,0
1134,Backtracking,12,11.725187301635742,0
1135,Remembering No Goods,12,0.0,0
1136,Backtracking,12,5.613565444946289,0
1137,Remembering No Goods,12,0.0,0
1138,Backtracking,12,16.09969139099121,0
1139,Remembering No Goods,12,17.2121524810791,0
1140,Backtracking,12,0.0,1
1141,Remembering No Goods,12,6.014108657836914,1
1142,Backtracking,12,15.865325927734375,1
1143,Remembering No Goods,12,15.795469284057617,1
1144,Backtracking,12,7.027626037597656,1
1145,Remembering No Goods,12,0.0,1
1146,Backtracking,12,0.0,0
1147,Remembering No Goods,12,0.0,0
1148,Backtracking,12,0.0,0
1149,Remembering No Goods,12,0.0,0
1150,Backtracking,12,15.748023986816406,1
1151,Remembering No Goods,12,15.802383422851562,1
1152,Backtracking,12,0.0,0
1153,Remembering No Goods,12,15.832901000976562,0
1154,Backtracking,12,0.0,0
1155,Remembering No Goods,12,8.03065299987793,0
1156,Backtracking,12,0.0,0
1157,Remembering No Goods,12,0.0,0
1158,Backtracking,12,0.0,0
1159,Remembering No Goods,12,10.88261604309082,0
1160,Backtracking,12,4.00996208190918,0
1161,Remembering No Goods,12,6.020784378051758,0
1162,Backtracking,12,0.0,0
1163,Remembering No Goods,12,0.0,0
1164,Backtracking,12,16.013622283935547,1
1165,Remembering No Goods,12,2.0055770874023438,1
1166,Backtracking,12,0.0,0
1167,Remembering No Goods,12,0.0,0
1168,Backtracking,12,16.157150268554688,1
1169,Remembering No Goods,12,15.848398208618164,1
1170,Backtracking,12,17.854928970336914,0
1171,Remembering No Goods,12,17.21024513244629,0
1172,Backtracking,12,16.091346740722656,1
1173,Remembering No Goods,12,16.16382598876953,1
1174,Backtracking,12,15.938282012939453,1
1175,Remembering No Goods,12,0.0,1
1176,Backtracking,12,0.0,0
1177,Remembering No Goods,12,16.038179397583008,0
1178,Backtracking,12,16.101360321044922,0
1179,Remembering No Goods,12,0.0,0
1180,Backtracking,12,0.0,0
1181,Remembering No Goods,12,7.070302963256836,0
1182,Backtracking,12,12.640237808227539,0
1183,Remembering No Goods,12,0.0,0
1184,Backtracking,12,11.770009994506836,0
1185,Remembering No Goods,12,13.977766036987305,0
1186,Backtracking,12,0.0,0
1187,Remembering No Goods,12,0.0,0
1188,Backtracking,12,16.0062313079834,1
1189,Remembering No Goods,12,15.852928161621094,1
1190,Backtracking,12,15.833854675292969,0
1191,Remembering No Goods,12,13.478517532348633,0
1192,Backtracking,12,0.0,0
1193,Remembering No Goods,12,0.0,0
1194,Backtracking,12,0.0,0
1195,Remembering No Goods,12,2.004384994506836,0
1196,Backtracking,12,16.132831573486328,0
1197,Remembering No Goods,12,16.022205352783203,0
1198,Backtracking,12,0.0,0
1199,Remembering No Goods,12,0.0,0
1200,Backtracking,13,0.0,0
1201,Remembering No Goods,13,6.019115447998047,0
1202,Backtracking,13,9.76872444152832,0
1203,Remembering No Goods,13,31.56256675720215,0
1204,Backtracking,13,15.731573104858398,0
1205,Remembering No Goods,13,0.0,0
1206,Backtracking,13,10.036706924438477,0
1207,Remembering No Goods,13,12.039899826049805,0
1208,Backtracking,13,19.72222328186035,1
1209,Remembering No Goods,13,15.787124633789062,1
1210,Backtracking,13,9.925127029418945,0
1211,Remembering No Goods,13,15.794992446899414,0
1212,Backtracking,13,15.908241271972656,0
1213,Remembering No Goods,13,8.022069931030273,0
1214,Backtracking,13,11.779308319091797,0
1215,Remembering No Goods,13,10.029315948486328,0
1216,Backtracking,13,0.0,0
1217,Remembering No Goods,13,0.0,0
1218,Backtracking,13,0.0,0
1219,Remembering No Goods,13,0.0,0
1220,Backtracking,13,15.757083892822266,0
1221,Remembering No Goods,13,0.0,0
1222,Backtracking,13,0.0,0
1223,Remembering No Goods,13,16.905784606933594,0
1224,Backtracking,13,0.0,0
1225,Remembering No Goods,13,0.0,0
1226,Backtracking,13,0.0,0
1227,Remembering No Goods,13,0.0,0
1228,Backtracking,13,0.0,1
1229,Remembering No Goods,13,0.0,1
1230,Backtracking,13,14.221906661987305,0
1231,Remembering No Goods,13,16.176223754882812,0
1232,Backtracking,13,0.0,0
1233,Remembering No Goods,13,0.0,0
1234,Backtracking,13,0.0,0
1235,Remembering No Goods,13,10.654687881469727,0
1236,Backtracking,13,0.0,0
1237,Remembering No Goods,13,17.9440975189209,0
1238,Backtracking,13,0.0,0
1239,Remembering No Goods,13,9.332418441772461,0
1240,Backtracking,13,8.016347885131836,1
1241,Remembering No Goods,13,15.804052352905273,1
1242,Backtracking,13,13.770818710327148,0
1243,Remembering No Goods,13,15.820026397705078,0
1244,Backtracking,13,10.030269622802734,0
1245,Remembering No Goods,13,16.091108322143555,0
1246,Backtracking,13,15.857934951782227,1
1247,Remembering No Goods,13,10.451793670654297,1
1248,Backtracking,13,19.564151763916016,0
1249,Remembering No Goods,13,16.17431640625,0
1250,Backtracking,13,2.004861831665039,0
1251,Remembering No Goods,13,2.0041465759277344,0
1252,Backtracking,13,13.779878616333008,0
1253,Remembering No Goods,13,11.778116226196289,0
1254,Backtracking,13,16.132116317749023,0
1255,Remembering No Goods,13,4.013538360595703,0
1256,Backtracking,13,0.0,0
1257,Remembering No Goods,13,0.0,0
1258,Backtracking,13,2.092123031616211,0
1259,Remembering No Goods,13,14.045000076293945,0
1260,Backtracking,13,15.735864639282227,0
1261,Remembering No Goods,13,0.0,0
1262,Backtracking,13,24.618148803710938,0
1263,Remembering No Goods,13,13.653039932250977,0
1264,Backtracking,13,0.0,0
1265,Remembering No Goods,13,0.0,0
1266,Backtracking,13,0.0,0
1267,Remembering No Goods,13,0.0,0
1268,Backtracking,13,0.0,1
1269,Remembering No Goods,13,16.187191009521484,1
1270,Backtracking,13,0.0,0
1271,Remembering No Goods,13,4.013299942016602,0
1272,Backtracking,13,13.771295547485352,1
1273,Remembering No Goods,13,5.756139755249023,1
1274,Backtracking,13,4.246950149536133,0
1275,Remembering No Goods,13,0.0,0
1276,Backtracking,13,0.0,0
1277,Remembering No Goods,13,0.0,0
1278,Backtracking,13,5.419492721557617,0
1279,Remembering No Goods,13,0.0,0
1280,Backtracking,13,4.012584686279297,0
1281,Remembering No Goods,13,9.771108627319336,0
1282,Backtracking,13,15.872716903686523,0
1283,Remembering No Goods,13,0.0,0
1284,Backtracking,13,15.883207321166992,1
1285,Remembering No Goods,13,11.77525520324707,1
1286,Backtracking,13,10.046005249023438,0
1287,Remembering No Goods,13,15.983343124389648,0
1288,Backtracking,13,4.204034805297852,0
1289,Remembering No Goods,13,7.585287094116211,0
1290,Backtracking,13,15.639781951904297,0
1291,Remembering No Goods,13,0.0,0
1292,Backtracking,13,1.0919570922851562,1
1293,Remembering No Goods,13,5.753278732299805,1
1294,Backtracking,13,15.973329544067383,1
1295,Remembering No Goods,13,16.21270179748535,1
1296,Backtracking,13,8.028507232666016,0
1297,Remembering No Goods,13,6.012439727783203,0
1298,Backtracking,13,15.944480895996094,0
1299,Remembering No Goods,13,15.71345329284668,0
1300,Backtracking,14,0.0,0
1301,Remembering No Goods,14,0.0,0
1302,Backtracking,14,0.0,0
1303,Remembering No Goods,14,0.0,0
1304,Backtracking,14,0.0,0
1305,Remembering No Goods,14,0.0,0
1306,Backtracking,14,0.0,0
1307,Remembering No Goods,14,0.0,0
1308,Backtracking,14,0.0,0
1309,Remembering No Goods,14,0.0,0
1310,Backtracking,14,11.934757232666016,0
1311,Remembering No Goods,14,0.0,0
1312,Backtracking,14,0.0,0
1313,Remembering No Goods,14,0.0,0
1314,Backtracking,14,47.31464385986328,0
1315,Remembering No Goods,14,0.0,0
1316,Backtracking,14,0.0,0
1317,Remembering No Goods,14,16.098499298095703,0
1318,Backtracking,14,0.0,0
1319,Remembering No Goods,14,0.0,0
1320,Backtracking,14,2.004384994506836,0
1321,Remembering No Goods,14,2.005338668823242,0
1322,Backtracking,14,5.751609802246094,1
1323,Remembering No Goods,14,5.750417709350586,1
1324,Backtracking,14,0.0,0
1325,Remembering No Goods,14,16.168832778930664,0
1326,Backtracking,14,7.516622543334961,0
1327,Remembering No Goods,14,15.896797180175781,0
1328,Backtracking,14,6.015300750732422,0
1329,Remembering No Goods,14,6.009101867675781,0
1330,Backtracking,14,0.0,0
1331,Remembering No Goods,14,0.0,0
1332,Backtracking,14,0.0,0
1333,Remembering No Goods,14,0.0,0
1334,Backtracking,14,0.0,0
1335,Remembering No Goods,14,0.0,0
1336,Backtracking,14,8.01229476928711,1
1337,Remembering No Goods,14,9.515523910522461,1
1338,Backtracking,14,10.282516479492188,1
1339,Remembering No Goods,14,16.00480079650879,1
1340,Backtracking,14,10.628223419189453,0
1341,Remembering No Goods,14,0.0,0
1342,Backtracking,14,15.94233512878418,1
1343,Remembering No Goods,14,0.0,1
1344,Backtracking,14,16.2198543548584,0
1345,Remembering No Goods,14,0.0,0
1346,Backtracking,14,0.0,0
1347,Remembering No Goods,14,0.0,0
1348,Backtracking,14,6.010770797729492,0
1349,Remembering No Goods,14,6.009340286254883,0
1350,Backtracking,14,3.507375717163086,0
1351,Remembering No Goods,14,4.006862640380859,0
1352,Backtracking,14,8.014440536499023,0
1353,Remembering No Goods,14,10.024785995483398,0
1354,Backtracking,14,16.350746154785156,0
1355,Remembering No Goods,14,0.0,0
1356,Backtracking,14,2.0084381103515625,0
1357,Remembering No Goods,14,2.003908157348633,0
1358,Backtracking,14,0.0,0
1359,Remembering No Goods,14,0.0,0
1360,Backtracking,14,0.0,0
1361,Remembering No Goods,14,0.0,0
1362,Backtracking,14,15.924692153930664,0
1363,Remembering No Goods,14,15.82479476928711,0
1364,Backtracking,14,0.0,0
1365,Remembering No Goods,14,0.0,0
1366,Backtracking,14,5.009889602661133,0
1367,Remembering No Goods,14,8.015155792236328,0
1368,Backtracking,14,9.75489616394043,1
1369,Remembering No Goods,14,5.751848220825195,1
1370,Backtracking,14,4.008054733276367,0
1371,Remembering No Goods,14,0.0,0
1372,Backtracking,14,4.009485244750977,0
1373,Remembering No Goods,14,4.007577896118164,0
1374,Backtracking,14,5.510807037353516,0
1375,Remembering No Goods,14,6.0100555419921875,0
1376,Backtracking,14,0.0,0
1377,Remembering No Goods,14,8.440017700195312,0
1378,Backtracking,14,15.926599502563477,0
1379,Remembering No Goods,14,0.0,0
1380,Backtracking,14,0.0,0
1381,Remembering No Goods,14,16.203641891479492,0
1382,Backtracking,14,6.014108657836914,1
1383,Remembering No Goods,14,7.753849029541016,1
1384,Backtracking,14,0.0,0
1385,Remembering No Goods,14,0.0,0
1386,Backtracking,14,0.0,0
1387,Remembering No Goods,14,0.0,0
1388,Backtracking,14,0.0,0
1389,Remembering No Goods,14,16.188621520996094,0
1390,Backtracking,14,0.0,0
1391,Remembering No Goods,14,18.00060272216797,0
1392,Backtracking,14,14.023542404174805,1
1393,Remembering No Goods,14,0.0,1
1394,Backtracking,14,0.0,0
1395,Remembering No Goods,14,15.97738265991211,0
1396,Backtracking,14,0.0,1
1397,Remembering No Goods,14,15.988349914550781,1
1398,Backtracking,14,0.0,0
1399,Remembering No Goods,14,0.0,0
1400,Backtracking,15,9.758234024047852,0
1401,Remembering No Goods,15,10.761737823486328,0
1402,Backtracking,15,6.010293960571289,0
1403,Remembering No Goods,15,5.753278732299805,0
1404,Backtracking,15,0.0,0
1405,Remembering No Goods,15,10.152339935302734,0
1406,Backtracking,15,2.0036697387695312,0
1407,Remembering No Goods,15,2.003908157348633,0
1408,Backtracking,15,4.012107849121094,0
1409,Remembering No Goods,15,2.0041465759277344,0
1410,Backtracking,15,6.008625030517578,0
1411,Remembering No Goods,15,6.012201309204102,0
1412,Backtracking,15,2.0041465759277344,0
1413,Remembering No Goods,15,4.008293151855469,0
1414,Backtracking,15,10.01429557800293,0
1415,Remembering No Goods,15,11.501789093017578,0
1416,Backtracking,15,0.0,0
1417,Remembering No Goods,15,0.0,0
1418,Backtracking,15,7.752418518066406,0
1419,Remembering No Goods,15,0.0,0
1420,Backtracking,15,9.76109504699707,0
1421,Remembering No Goods,15,7.752418518066406,0
1422,Backtracking,15,8.013248443603516,0
1423,Remembering No Goods,15,8.015155792236328,0
1424,Backtracking,15,4.005670547485352,0
1425,Remembering No Goods,15,16.06440544128418,0
1426,Backtracking,15,10.022640228271484,0
1427,Remembering No Goods,15,9.493589401245117,0
1428,Backtracking,15,15.748262405395508,0
1429,Remembering No Goods,15,0.0,0
1430,Backtracking,15,0.0,0
1431,Remembering No Goods,15,0.0,0
1432,Backtracking,15,7.750034332275391,1
1433,Remembering No Goods,15,8.013486862182617,1
1434,Backtracking,15,13.831615447998047,1
1435,Remembering No Goods,15,15.847206115722656,1
1436,Backtracking,15,8.025407791137695,0
1437,Remembering No Goods,15,7.506132125854492,0
1438,Backtracking,15,6.012201309204102,0
1439,Remembering No Goods,15,7.7648162841796875,0
1440,Backtracking,15,0.0,0
1441,Remembering No Goods,15,0.0,0
1442,Backtracking,15,0.0,0
1443,Remembering No Goods,15,0.0,0
1444,Backtracking,15,0.0,0
1445,Remembering No Goods,15,0.0,0
1446,Backtracking,15,6.012678146362305,0
1447,Remembering No Goods,15,4.009723663330078,0
1448,Backtracking,15,4.005908966064453,0
1449,Remembering No Goods,15,3.7484169006347656,0
1450,Backtracking,15,0.0,0
1451,Remembering No Goods,15,0.0,0
1452,Backtracking,15,8.014678955078125,1
1453,Remembering No Goods,15,0.0,1
1454,Backtracking,15,3.0083656311035156,0
1455,Remembering No Goods,15,0.0,0
1456,Backtracking,15,4.823446273803711,0
1457,Remembering No Goods,15,7.76219367980957,0
1458,Backtracking,15,5.7506561279296875,0
1459,Remembering No Goods,15,0.0,0
1460,Backtracking,15,15.765905380249023,0
1461,Remembering No Goods,15,15.744924545288086,0
1462,Backtracking,15,19.262313842773438,0
1463,Remembering No Goods,15,39.33358192443848,0
1464,Backtracking,15,0.0,0
1465,Remembering No Goods,15,18.950462341308594,0
1466,Backtracking,15,0.0,0
1467,Remembering No Goods,15,16.210556030273438,0
1468,Backtracking,15,0.0,0
1469,Remembering No Goods,15,0.0,0
1470,Backtracking,15,16.004085540771484,0
1471,Remembering No Goods,15,0.0,0
1472,Backtracking,15,7.755041122436523,0
1473,Remembering No Goods,15,11.766910552978516,0
1474,Backtracking,15,0.0,0
1475,Remembering No Goods,15,0.0,0
1476,Backtracking,15,8.011102676391602,0
1477,Remembering No Goods,15,15.77448844909668,0
1478,Backtracking,15,8.020401000976562,0
1479,Remembering No Goods,15,0.0,0
1480,Backtracking,15,4.006147384643555,0
1481,Remembering No Goods,15,4.008054733276367,0
1482,Backtracking,15,7.226228713989258,0
1483,Remembering No Goods,15,10.020256042480469,0
1484,Backtracking,15,0.0,0
1485,Remembering No Goods,15,15.995264053344727,0
1486,Backtracking,15,0.0,1
1487,Remembering No Goods,15,16.10541343688965,1
1488,Backtracking,15,0.0,0
1489,Remembering No Goods,15,2.37274169921875,0
1490,Backtracking,15,5.753517150878906,0
1491,Remembering No Goods,15,4.008293151855469,0
1492,Backtracking,15,0.0,1
1493,Remembering No Goods,15,16.01862907409668,1
1494,Backtracking,15,15.808343887329102,0
1495,Remembering No Goods,15,19.67024803161621,0
1496,Backtracking,15,0.0,0
1497,Remembering No Goods,15,10.034322738647461,0
1498,Backtracking,15,13.841629028320312,0
1499,Remembering No Goods,15,0.0,0
